{"cameraMode":{"drawMode":0,"name":"Shaded","section":"Shading Mode"},"sceneLighting":true,"audioPlay":false,"sceneViewState":{"showFog":true,"showMaterialUpdate":true,"showSkybox":true,"showFlares":true,"showImageEffects":true,"showParticleSystems":true},"in2DMode":false,"pivot":{"x":-49.118621826171878,"y":23.016876220703126,"z":30.44972038269043},"rotation":{"x":-0.02597496658563614,"y":0.9355844259262085,"z":-0.3451371490955353,"w":-0.07052763551473618},"size":186.76422119140626,"orthographic":false}