{"cameraMode":{"drawMode":0,"name":"Shaded","section":"Shading Mode"},"sceneLighting":true,"audioPlay":false,"sceneViewState":{"showFog":true,"showMaterialUpdate":true,"showSkybox":true,"showFlares":true,"showImageEffects":true,"showParticleSystems":true},"in2DMode":false,"pivot":{"x":-24.221237182617189,"y":111.14903259277344,"z":29.90958595275879},"rotation":{"x":-0.04195258766412735,"y":0.045972276479005817,"z":-0.001958826556801796,"w":-0.9981120228767395},"size":121.42562866210938,"orthographic":false}