{"cameraMode":{"drawMode":0,"name":"Shaded","section":"Shading Mode"},"sceneLighting":true,"audioPlay":false,"sceneViewState":{"showFog":true,"showMaterialUpdate":true,"showSkybox":true,"showFlares":true,"showImageEffects":true,"showParticleSystems":true},"in2DMode":false,"pivot":{"x":35.3113899230957,"y":11.702919006347657,"z":-43.11036682128906},"rotation":{"x":0.18461042642593385,"y":0.1983077973127365,"z":-0.03801899403333664,"w":0.9619013667106628},"size":48.49821853637695,"orthographic":false}