{"cameraMode":{"drawMode":0,"name":"Shaded","section":"Shading Mode"},"sceneLighting":true,"audioPlay":false,"sceneViewState":{"showFog":true,"showMaterialUpdate":true,"showSkybox":true,"showFlares":true,"showImageEffects":true,"showParticleSystems":true},"in2DMode":false,"pivot":{"x":12.733726501464844,"y":3.118326425552368,"z":24.881694793701173},"rotation":{"x":0.10237310826778412,"y":-0.034137509763240817,"z":0.003524566302075982,"w":0.9942041635513306},"size":0.4327582120895386,"orthographic":false}